#plate_id	well_id	chemical	category	moa	co_id	replica	activity	min	max	height	plateau	slope	lag	area	source
PM01	A01	Negative Control	carbon	C-Source, negative control		2	0	0.0	0.0	0.0	0.0	0.0	0.0	0.0	DuctApe
PM01	A01	Negative Control	carbon	C-Source, negative control		3	0	0.0	0.0	0.0	0.0	0.0	0.0	0.0	DuctApe
PM01	A02	L-Arabinose	carbon	C-Source, carbohydrate	C00259	2	9	16.2940587105	373.952197585	212.413017643	395.747968182	8.08129454687	7.16108472393	15147.3949242	DuctApe
PM01	A03	N-Acetyl-D-Glucosamine	carbon	C-Source, carbohydrate	C00140	2	9	0.1	375.990425509	203.661270497	441.418863239	8.4220265023	5.23126878297	14522.5775663	DuctApe
PM01	A03	N-Acetyl-D-Glucosamine	carbon	C-Source, carbohydrate	C00140	3	9	0.1	405.926424525	203.740778686	462.579689538	9.28592494902	11.4745413994	14517.0761562	DuctApe
PM01	A04	D-Saccharic acid	carbon	C-Source, carboxylic acid	C00818	2	0	0.1	1.65720652481	0.196947282388	0.0	0.0	0.0	13.8673673942	DuctApe
PM01	A04	D-Saccharic acid	carbon	C-Source, carboxylic acid	C00818	3	0	0.1	5.71183189739	1.08958333333	0.825881298291	4.73064156192	5.81426427334	78.375	DuctApe
PM01	A05	Succinic acid	carbon	C-Source, carboxylic acid	C00042	2	7	0.1	254.0	159.9375	272.277158606	7.8307408788	8.14127796115	11420.2125	DuctApe
PM01	A05	Succinic acid	carbon	C-Source, carboxylic acid	C00042	3	7	0.1	280.0	160.862989044	334.704745296	6.42233105682	4.32966420129	11477.7842686	DuctApe
PM01	A06	D-Galactose	carbon	C-Source, carbohydrate	C00124	2	9	0.1	367.665383095	201.274312947	417.79717372	8.66384977077	6.07465135234	14353.8385135	DuctApe
PM01	A06	D-Galactose	carbon	C-Source, carbohydrate	C00124	3	9	0.1	347.320625062	171.646322377	396.999924091	8.13181379357	12.3898121374	12228.3236303	DuctApe
PM01	A07	L-Aspartic acid	carbon	C-Source, amino acid	C00049	2	4	0.1	189.377705273	77.9530984718	189.377705273	166.223667125	24.75	5541.56895049	DuctApe
PM01	A07	L-Aspartic acid	carbon	C-Source, amino acid	C00049	3	4	0.1	204.801653131	85.4354219909	204.801653131	179.523374563	21.75	6074.51226342	DuctApe
PM01	A08	L-Proline	carbon	C-Source, amino acid	C00148	2	4	0.1	166.268782247	63.360498041	166.268782247	137.064927333	30.0	4499.56756561	DuctApe
PM01	A08	L-Proline	carbon	C-Source, amino acid	C00148	3	5	0.1	145.744222719	66.1748628638	173.626862934	3.09197729846	12.33866052	4709.89854268	DuctApe
PM01	A09	D-Alanine	carbon	C-Source, amino acid	C00133	2	0	0.1	0.1	0.1	0.0	0.0	0.0	7.125	DuctApe
PM01	A09	D-Alanine	carbon	C-Source, amino acid	C00133	3	0	0.1	0.1	0.1	0.0	0.0	0.0	7.125	DuctApe
PM01	A10	D-Trehalose	carbon	C-Source, carbohydrate	C01083	2	9	0.1	359.952197585	205.125199469	411.209994923	8.58194687266	4.65827833617	14633.9947876	DuctApe
PM01	A10	D-Trehalose	carbon	C-Source, carbohydrate	C01083	3	9	0.1	373.56603456	202.493170849	437.750463877	8.13115475937	3.06953475283	14439.3835382	DuctApe
PM01	A11	D-Mannose	carbon	C-Source, carbohydrate	C00159	2	9	0.137285504818	329.0	171.277585478	352.413709134	9.05209564493	15.3012626216	12208.5596724	DuctApe
PM01	A11	D-Mannose	carbon	C-Source, carbohydrate	C00159	3	8	0.1	338.373891528	142.776566302	336.862780058	323.938218465	14.25	10152.9850644	DuctApe
PM01	A12	Dulcitol	carbon	C-Source, carbohydrate	C01697	2	4	20.9771073134	211.699980641	79.5768770423	211.699980641	153.583553447	39.75	5642.28123906	DuctApe
PM01	A12	Dulcitol	carbon	C-Source, carbohydrate	C01697	3	4	0.0913829580652	247.793028546	77.4456966609	247.793028546	206.372098111	36.75	5483.13350527	DuctApe
PM01	B01	D-Serine	carbon	C-Source, amino acid	C00740	2	0	0.1	0.1	0.1	0.0	0.0	0.0	7.125	DuctApe
PM01	B01	D-Serine	carbon	C-Source, amino acid	C00740	3	0	0.1	0.1	0.1	0.0	0.0	0.0	7.125	DuctApe
PM01	B02	D-Sorbitol	carbon	C-Source, carbohydrate	C00794	2	8	0.1	313.80879034	157.011214541	313.198810397	309.599282723	8.25	11187.0916506	DuctApe
PM01	B02	D-Sorbitol	carbon	C-Source, carbohydrate	C00794	3	8	0.1	319.614630266	156.199558198	318.40212472	319.210483421	7.5	11126.4752039	DuctApe
PM01	B03	Glycerol	carbon	C-Source, carbohydrate	C00116	2	7	0.1	231.383832754	127.569523304	266.848817254	5.22643702394	2.20435938689	9098.19924059	DuctApe
PM01	B03	Glycerol	carbon	C-Source, carbohydrate	C00116	3	7	0.1	268.93016823	146.552528053	334.537248259	5.55862658366	0.0	10450.8957068	DuctApe
PM01	B04	L-Fucose	carbon	C-Source, carbohydrate	C01019	2	7	0.1	288.0	150.3875	353.76992034	6.04965958572	5.07046250674	10719.8625	DuctApe
PM01	B04	L-Fucose	carbon	C-Source, carbohydrate	C01019	3	7	0.1	290.597498326	154.603984994	376.159865465	5.66466919222	0.0	11022.4753577	DuctApe
PM01	B05	D-Glucuronic acid	carbon	C-Source, carboxylic acid	C00191	2	0	0.1	0.1	0.1	0.0	0.0	0.0	7.125	DuctApe
PM01	B05	D-Glucuronic acid	carbon	C-Source, carboxylic acid	C00191	3	0	0.1	9.97440008894	2.76354166667	0.0	0.0	0.0	196.6875	DuctApe
PM01	B06	D-Gluconic acid	carbon	C-Source, carboxylic acid	C00257	2	0	0.1	0.1	0.1	0.0	0.0	0.0	7.125	DuctApe
PM01	B06	D-Gluconic acid	carbon	C-Source, carboxylic acid	C00257	3	0	0.1	0.945173405697	0.177083333333	0.0	0.0	0.0	12.675	DuctApe
PM01	B07	DL-a-Glycerol Phosphate	carbon	C-Source, carbohydrate	C00093	2	0	0.1	0.1	0.1	0.0	0.0	0.0	7.125	DuctApe
PM01	B07	DL-a-Glycerol Phosphate	carbon	C-Source, carbohydrate	C00093	3	0	0.1	0.1	0.1	0.0	0.0	0.0	7.125	DuctApe
PM01	B08	D-Xylose	carbon	C-Source, carbohydrate	C00181	2	8	0.238627003681	226.730780978	115.726622017	226.036690944	224.205778955	9.75	8247.20325722	DuctApe
PM01	B08	D-Xylose	carbon	C-Source, carbohydrate	C00181	3	7	84.4632390155	156.938259247	119.196520691	0.0	0.0	0.0	8491.62392787	DuctApe
PM01	B09	L-Lactic acid	carbon	C-Source, carboxylic acid	C01432	3	7	0.1	229.019078942	148.073405711	251.862561149	7.21910747265	3.59107645792	10576.0592686	DuctApe
PM01	B10	Formic acid	carbon	C-Source, carboxylic acid	C00058	2	9	0.1	327.440292823	262.886458333	329.123668329	31.0228383046	7.13908212845	18805.1625	DuctApe
PM01	B10	Formic acid	carbon	C-Source, carboxylic acid	C00058	3	9	0.1	331.0	267.394239044	332.021235584	29.5254959134	5.22613060915	19131.1592686	DuctApe
PM01	B11	D-Mannitol	carbon	C-Source, carbohydrate	C00392	2	8	0.1	309.19120966	162.342350516	307.743742657	300.942487241	9.0	11572.6650335	DuctApe
PM01	B11	D-Mannitol	carbon	C-Source, carbohydrate	C00392	3	9	0.1	325.738095238	183.680914642	438.874345153	7.11001163204	0.0	13102.8365685	DuctApe
PM01	B12	L-Glutamic acid	carbon	C-Source, amino acid	C00025	2	5	11.2696990844	139.212322178	66.4340807684	0.0	0.0	0.0	4726.82305735	DuctApe
PM01	B12	L-Glutamic acid	carbon	C-Source, amino acid	C00025	3	4	0.1	150.568914933	61.7002172642	150.568914933	98.0864773978	37.5	4385.91479992	DuctApe
PM01	C01	D-Glucose-6-Phosphate	carbon	C-Source, carbohydrate	C00092	2	0	0.1	0.1	0.1	0.0	0.0	0.0	7.125	DuctApe
PM01	C01	D-Glucose-6-Phosphate	carbon	C-Source, carbohydrate	C00092	3	0	0.1	0.1	0.1	0.0	0.0	0.0	7.125	DuctApe
PM01	C02	D-Galactonic acid-g-Lactone	carbon	C-Source, carboxylic acid	C03383	2	0	0.1	0.1	0.1	0.0	0.0	0.0	7.125	DuctApe
PM01	C02	D-Galactonic acid-g-Lactone	carbon	C-Source, carboxylic acid	C03383	3	0	0.1	0.1	0.1	0.0	0.0	0.0	7.125	DuctApe
PM01	C03	DL-Malic acid	carbon	C-Source, carboxylic acid	C00497	2	8	0.1	239.0	116.596875	238.494579236	233.232492391	12.0	8305.3125	DuctApe
PM01	C03	DL-Malic acid	carbon	C-Source, carboxylic acid	C00497	3	7	0.1	266.985268371	134.465766808	0.0	0.0	0.0	9581.37823453	DuctApe
PM01	C04	D-Ribose	carbon	C-Source, carbohydrate	C00121	3	7	128.75724422	161.827869282	146.763010234	0.0	0.0	0.0	10458.2322536	DuctApe
PM01	C05	Tween 20	carbon	C-Source, fatty acid	C11624	3	3	0.1	33.3251722759	21.3859057107	25.1101465627	6.84197528716	9.55626832319	1532.93426855	DuctApe
PM01	C06	L-Rhamnose	carbon	C-Source, carbohydrate	C00507	2	7	0.1	280.597018264	153.039250087	349.004489417	5.90414666096	0.0	10913.5646244	DuctApe
PM01	C06	L-Rhamnose	carbon	C-Source, carbohydrate	C00507	3	7	0.1	283.681581663	160.67435873	334.617584558	6.35955908642	0.0	11462.1357354	DuctApe
PM01	C07	D-Fructose	carbon	C-Source, carbohydrate	C00095	2	7	0.1	215.51448844	121.464954283	308.807387588	4.50840986698	0.0	8664.62127522	DuctApe
PM01	C07	D-Fructose	carbon	C-Source, carbohydrate	C00095	3	7	0.1	215.092584377	121.832780711	261.878392171	4.80000957752	0.0	8691.26299203	DuctApe
PM01	C08	Acetic acid	carbon	C-Source, carboxylic acid	C00033	2	6	0.1	246.414519763	122.800970008	269.070388652	5.83247857714	10.5191325531	8749.22689567	DuctApe
PM01	C09	a-D-Glucose	carbon	C-Source, carbohydrate	C00031	2	7	0.1	223.272029355	126.206334791	258.547633522	5.1806033105	1.2678898548	9003.09159396	DuctApe
PM01	C09	a-D-Glucose	carbon	C-Source, carbohydrate	C00031	3	7	0.1	205.279273575	114.578806085	248.530684286	4.59692549352	0.0	8172.65681054	DuctApe
PM01	C10	Maltose	carbon	C-Source, carbohydrate	C00208	2	7	0.1	218.326455848	123.528056106	255.501764284	5.06454664247	0.392842795034	8812.11011866	DuctApe
PM01	C10	Maltose	carbon	C-Source, carbohydrate	C00208	3	7	0.1	272.291901588	174.895280711	278.666432037	9.17421229518	4.33103952476	12490.3736303	DuctApe
PM01	C11	D-Melibiose	carbon	C-Source, carbohydrate	C05402	3	9	0.1	295.300682788	176.798843656	323.469856433	7.91624486926	2.04608932595	12618.7414872	DuctApe
PM01	C12	Thymidine	carbon	C-Source, carbohydrate	C00214	2	3	0.219863093235	47.0	25.4846732604	0.0	0.0	0.0	1817.18902609	DuctApe
PM01	C12	Thymidine	carbon	C-Source, carbohydrate	C00214	3	2	0.1	61.8456048301	25.6820027438	68.2878611457	1.94485836883	27.078702748	1825.87459574	DuctApe
PM01	D01	L-Asparagine	carbon	C-Source, amino acid	C00152	2	1	0.1	8.0	1.74375	8.22860701805	0.591997246915	49.4887681602	122.5125	DuctApe
PM01	D01	L-Asparagine	carbon	C-Source, amino acid	C00152	3	2	0.1	17.7542938068	8.23382237733	16.4972961571	0.868937298199	27.036066165	586.734268553	DuctApe
PM01	D02	D-Aspartic acid	carbon	C-Source, amino acid	C00402	2	0	0.1	0.1	0.1	0.0	0.0	0.0	7.125	DuctApe
PM01	D02	D-Aspartic acid	carbon	C-Source, amino acid	C00402	3	0	0.1	0.1	0.1	0.0	0.0	0.0	7.125	DuctApe
PM01	D03	D-Glucosaminic acid	carbon	C-Source, carboxylic acid	C03752	2	0	0.1	0.1	0.1	0.0	0.0	0.0	7.125	DuctApe
PM01	D03	D-Glucosaminic acid	carbon	C-Source, carboxylic acid	C03752	3	0	0.1	0.1	0.1	0.0	0.0	0.0	7.125	DuctApe
PM01	D04	1,2-Propanediol	carbon	C-Source, alcohol	C00583	2	0	0.1	0.1	0.1	0.0	0.0	0.0	7.125	DuctApe
PM01	D04	1,2-Propanediol	carbon	C-Source, alcohol	C00583	3	0	0.1	1.55134976598	0.228125	0.0	0.0	0.0	16.35	DuctApe
PM01	D05	Tween 40	carbon	C-Source, fatty acid		3	2	0.1	3.51816210473	0.546875	0.553101060446	1.13044039105	14.004787392	39.3	DuctApe
PM01	D06	a-Ketoglutaric acid	carbon	C-Source, carboxylic acid	C00026	3	2	0.1	19.9069088082	12.7783456811	15.9531699753	2.23217325432	11.4394596796	914.917418706	DuctApe
PM01	D07	a-Ketobutyric acid	carbon	C-Source, carboxylic acid	C00109	3	2	0.1	34.6969169007	18.791114044	35.2983065773	1.14922317283	14.8283467227	1340.48426855	DuctApe
PM01	D08	a-Methyl-D-Galactoside	carbon	C-Source, carbohydrate	C03619	2	7	0.1	247.728520747	131.547581308	281.970436244	5.45524697819	4.54161396363	9378.49015891	DuctApe
PM01	D08	a-Methyl-D-Galactoside	carbon	C-Source, carbohydrate	C03619	3	7	0.1	281.726487171	157.282601802	331.700434998	6.48651145139	1.33718082047	11218.6623971	DuctApe
PM01	D09	a-D-Lactose	carbon	C-Source, carbohydrate	C00243	2	7	0.1	263.633832754	136.82818668	338.524150052	5.24436720874	0.0	9752.72925367	DuctApe
PM01	D09	a-D-Lactose	carbon	C-Source, carbohydrate	C00243	3	7	0.1	269.499756811	145.765697701	350.889442265	5.77334886599	0.0	10394.0303256	DuctApe
PM01	D10	Lactulose	carbon	C-Source, carbohydrate	C07064	2	7	0.1	249.94120966	130.97058553	284.361646336	5.56697231631	4.59623945281	9336.11670456	DuctApe
PM01	D10	Lactulose	carbon	C-Source, carbohydrate	C07064	3	7	0.1	240.5402615	126.746250066	269.482301329	5.43002564134	6.08443356496	9035.4899067	DuctApe
PM01	D11	Sucrose	carbon	C-Source, carbohydrate	C00089	2	7	0.1	247.673474112	135.808642816	331.272472655	5.06397966049	0.0	9685.30722997	DuctApe
PM01	D11	Sucrose	carbon	C-Source, carbohydrate	C00089	3	8	0.1	265.505140604	143.607512348	264.472986655	264.66569445	7.5	10240.1389613	DuctApe
PM01	D12	Uridine	carbon	C-Source, carbohydrate	C00299	2	3	0.916697116783	39.7978024151	17.8457469605	0.0	0.0	0.0	1268.01718057	DuctApe
PM01	D12	Uridine	carbon	C-Source, carbohydrate	C00299	3	3	0.1	37.9382592469	14.658732923	0.0	0.0	0.0	1041.16442324	DuctApe
PM01	E01	L-Glutamine	carbon	C-Source, amino acid	C00064	2	5	0.1	125.778653433	52.080118879	143.007699264	3.42249286088	22.7970182296	3702.56406425	DuctApe
PM01	E01	L-Glutamine	carbon	C-Source, amino acid	C00064	3	5	0.1	124.467409276	55.5390307107	123.92943476	118.261163424	21.0	3952.21285899	DuctApe
PM01	E02	m-Tartaric acid	carbon	C-Source, carboxylic acid	C00552	2	0	0.1	0.1	0.1	0.0	0.0	0.0	7.125	DuctApe
PM01	E02	m-Tartaric acid	carbon	C-Source, carboxylic acid	C00552	3	0	0.1	0.1	0.1	0.0	0.0	0.0	7.125	DuctApe
PM01	E03	D-Glucose-1-Phosphate	carbon	C-Source, carbohydrate	C00103	2	0	0.1	0.1	0.1	0.0	0.0	0.0	7.125	DuctApe
PM01	E03	D-Glucose-1-Phosphate	carbon	C-Source, carbohydrate	C00103	3	0	0.1	6.59927849451	1.09270833333	1.1138383936	5.79798317103	8.17083240235	78.6	DuctApe
PM01	E04	D-Fructose-6-Phosphate	carbon	C-Source, carbohydrate	C00085	2	0	0.1	0.1	0.1	0.0	0.0	0.0	7.125	DuctApe
PM01	E04	D-Fructose-6-Phosphate	carbon	C-Source, carbohydrate	C00085	3	0	0.1	9.43213176564	4.38112864991	0.0	0.0	0.0	315.130567513	DuctApe
PM01	E05	Tween 80	carbon	C-Source, fatty acid	C11625	2	0	0.1	0.1	0.1	0.0	0.0	0.0	7.125	DuctApe
PM01	E05	Tween 80	carbon	C-Source, fatty acid	C11625	3	0	0.1	4.78006686663	0.957291666667	0.936065320746	2.20576048522	7.3030512981	68.85	DuctApe
PM01	E06	a-Hydroxyglutaric acid-g-Lactone	carbon	C-Source, carboxylic acid		2	0	0.1	0.1	0.1	0.0	0.0	0.0	7.125	DuctApe
PM01	E06	a-Hydroxyglutaric acid-g-Lactone	carbon	C-Source, carboxylic acid		3	0	0.1	0.496263540729	0.1375	0.0	0.0	0.0	9.825	DuctApe
PM01	E07	a-Hydroxybutyric acid	carbon	C-Source, carboxylic acid	C05984	2	0	0.1	0.1	0.1	0.0	0.0	0.0	7.125	DuctApe
PM01	E07	a-Hydroxybutyric acid	carbon	C-Source, carboxylic acid	C05984	3	1	0.1	2.18841955858	0.392155710663	0.786948078192	1.14636395104	44.7076034809	27.7696808124	DuctApe
PM01	E08	b-Methyl-D-Glucoside	carbon	C-Source, carbohydrate		2	7	0.1	268.718946256	136.185081308	330.089255664	5.42680949389	4.14785577814	9704.51874935	DuctApe
PM01	E08	b-Methyl-D-Glucoside	carbon	C-Source, carbohydrate		3	7	0.1	276.343274559	153.8067774	321.551945269	6.24854574892	1.9219804217	10970.4217448	DuctApe
PM01	E09	Adonitol	carbon	C-Source, carbohydrate	C00474	2	7	0.1	266.397701052	137.889957047	324.031662768	5.46690624321	2.64913491757	9828.14026952	DuctApe
PM01	E09	Adonitol	carbon	C-Source, carbohydrate	C00474	3	7	0.1	287.453594484	156.965152505	377.605653666	5.92913711485	0.0	11193.6583825	DuctApe
PM01	E10	Maltotriose	carbon	C-Source, carbohydrate	C01835	2	6	0.1	254.124258263	116.235258318	278.11280396	6.18587928985	17.1921325748	8273.60450205	DuctApe
PM01	E10	Maltotriose	carbon	C-Source, carbohydrate	C01835	3	7	0.1	272.642490408	143.529230245	304.328437665	6.33954816662	6.46606155028	10231.8261438	DuctApe
PM01	E11	2`-Deoxyadenosine	carbon	C-Source, carbohydrate	C00559	2	0	0.1	0.1	0.1	0.0	0.0	0.0	7.125	DuctApe
PM01	E11	2`-Deoxyadenosine	carbon	C-Source, carbohydrate	C00559	3	0	0.1	0.1	0.1	0.0	0.0	0.0	7.125	DuctApe
PM01	E12	Adenosine	carbon	C-Source, carbohydrate	C00212	2	3	0.1	38.7572442202	18.5316955055	0.0	0.0	0.0	1319.71060981	DuctApe
PM01	E12	Adenosine	carbon	C-Source, carbohydrate	C00212	3	3	0.1	55.9521275448	32.8796557107	0.0	0.0	0.0	2346.98426855	DuctApe
PM01	F01	Gly-Asp	carbon	C-Source, amino acid	C02871	2	0	0.1	4.0	0.56875	0.0	0.0	0.0	39.4125	DuctApe
PM01	F01	Gly-Asp	carbon	C-Source, amino acid	C02871	3	0	0.1	14.642490408	9.03373292302	15.6317239613	0.323876974791	0.833228114877	645.528651937	DuctApe
PM01	F02	Citric acid	carbon	C-Source, carboxylic acid	C00158	2	0	0.1	0.1	0.1	0.0	0.0	0.0	7.125	DuctApe
PM01	F02	Citric acid	carbon	C-Source, carboxylic acid	C00158	3	0	0.1	0.1	0.1	0.0	0.0	0.0	7.125	DuctApe
PM01	F03	m-Inositol	carbon	C-Source, carbohydrate	C00137	2	7	0.1	263.75724422	142.026747975	306.557357735	5.80763088084	2.93883853812	10126.9793876	DuctApe
PM01	F03	m-Inositol	carbon	C-Source, carbohydrate	C00137	3	7	0.1	288.945006871	165.512005047	370.924849089	6.57893030315	0.0	11808.4724858	DuctApe
PM01	F04	D-Threonine	carbon	C-Source, amino acid	C00820	2	0	0.1	0.1	0.1	0.0	0.0	0.0	7.125	DuctApe
PM01	F04	D-Threonine	carbon	C-Source, amino acid	C00820	3	0	0.1	0.1	0.1	0.0	0.0	0.0	7.125	DuctApe
PM01	F05	Fumaric acid	carbon	C-Source, carboxylic acid	C00122	2	8	0.1	260.34553479	130.67368997	260.34553479	259.814078279	9.0	9310.83860232	DuctApe
PM01	F05	Fumaric acid	carbon	C-Source, carboxylic acid	C00122	3	7	0.1	252.323505435	142.513518555	0.0	0.0	0.0	10166.3145214	DuctApe
PM01	F06	Bromosuccinic acid	carbon	C-Source, carboxylic acid		3	5	0.1	124.977970645	66.5492035849	142.313446906	3.31631806691	13.7830781904	4744.63841912	DuctApe
PM01	F07	Propionic acid	carbon	C-Source, carboxylic acid	C00163	2	0	0.1	25.5402615001	4.55562506611	0.0	0.0	0.0	318.389906698	DuctApe
PM01	F07	Propionic acid	carbon	C-Source, carboxylic acid	C00163	3	1	0.1	39.5052106441	12.9536117124	40.2455172571	1.17937882623	35.0746835831	915.671413398	DuctApe
PM01	F08	Mucic acid	carbon	C-Source, carboxylic acid	C01807	2	0	0.1	0.1	0.1	0.0	0.0	0.0	7.125	DuctApe
PM01	F08	Mucic acid	carbon	C-Source, carboxylic acid	C01807	3	0	0.1	0.1	0.1	0.0	0.0	0.0	7.125	DuctApe
PM01	F09	Glycolic acid	carbon	C-Source, carboxylic acid	C00160	2	0	0.1	0.1	0.1	0.0	0.0	0.0	7.125	DuctApe
PM01	F09	Glycolic acid	carbon	C-Source, carboxylic acid	C00160	3	0	0.1	4.02666046876	0.84375	0.82414699038	0.944127624286	7.20862731041	60.675	DuctApe
PM01	F10	Glyoxylic acid	carbon	C-Source, carboxylic acid	C00048	2	0	0.1	0.1	0.1	0.0	0.0	0.0	7.125	DuctApe
PM01	F10	Glyoxylic acid	carbon	C-Source, carboxylic acid	C00048	3	0	0.1	0.1	0.1	0.0	0.0	0.0	7.125	DuctApe
PM01	F11	D-Cellobiose	carbon	C-Source, carbohydrate	C00185	3	8	0.1	274.87855207	143.054320352	273.75337697	272.543928567	8.25	10196.7941083	DuctApe
PM01	F12	Inosine	carbon	C-Source, carbohydrate	C00294	2	2	0.1	10.0	4.93260870966	7.20262343261	1.05010792768	32.0683069637	351.360327096	DuctApe
PM01	F12	Inosine	carbon	C-Source, carbohydrate	C00294	3	3	0.1	23.3829159169	17.4076087491	0.0	0.0	0.0	1244.99688732	DuctApe
PM01	G01	Gly-Glu	carbon	C-Source, amino acid		3	3	0.0818084670265	23.8136342489	13.9721745489	0.0	0.0	0.0	997.281037163	DuctApe
PM01	G02	Tricarballylic acid	carbon	C-Source, carboxylic acid		2	0	0.1	0.1	0.1	0.0	0.0	0.0	7.125	DuctApe
PM01	G02	Tricarballylic acid	carbon	C-Source, carboxylic acid		3	0	0.0626594849491	11.816757811	5.77003122904	5.69012226775	2.7348348729	2.92511045682	415.329182066	DuctApe
PM01	G03	L-Serine	carbon	C-Source, amino acid	C00065	3	2	0.1	24.9779706447	12.5721202516	22.4951295717	0.617412117589	16.8672465484	895.788419122	DuctApe
PM01	G04	L-Threonine	carbon	C-Source, amino acid	C00188	2	0	0.1	0.1	0.1	0.0	0.0	0.0	7.125	DuctApe
PM01	G04	L-Threonine	carbon	C-Source, amino acid	C00188	3	0	0.1	4.74901312265	1.71473701888	0.0	0.0	0.0	122.329746596	DuctApe
PM01	G05	L-Alanine	carbon	C-Source, amino acid	C00041	3	3	0.1	30.8823658146	15.5204358554	29.347707922	0.79007538115	10.0079653423	1105.85299441	DuctApe
PM01	G06	Ala-Gly	carbon	C-Source, amino acid		2	1	0.1	15.7978024151	4.91136887902	17.1451401031	0.587822055797	35.1846865894	347.656883384	DuctApe
PM01	G06	Ala-Gly	carbon	C-Source, amino acid		3	2	0.1	55.9779706447	33.9158702516	52.6148089627	2.96003098561	14.4320448213	2420.91341912	DuctApe
PM01	G07	Acetoacetic acid	carbon	C-Source, carboxylic acid	C00164	2	0	0.1	0.1	0.1	0.0	0.0	0.0	7.125	DuctApe
PM01	G07	Acetoacetic acid	carbon	C-Source, carboxylic acid	C00164	3	0	0.1	2.0	0.404196306722	0.0	0.0	0.0	28.9750649653	DuctApe
PM01	G08	N-Acetyl-D-Mannosamine	carbon	C-Source, carbohydrate	C00645	3	3	0.1	60.1389198522	43.8640307107	51.0397846262	10.5783255129	7.94709961582	3141.60926855	DuctApe
PM01	G09	Mono-Methylsuccinate	carbon	C-Source, carboxylic acid		3	5	0.1	123.393833801	90.3315601354	122.603433348	6.75655094523	7.0523035443	6457.79803532	DuctApe
PM01	G10	Methylpyruvate	carbon	C-Source, ester		2	0	0.1	1.87862211009	0.187853154107	0.0	0.0	0.0	12.7834438044	DuctApe
PM01	G10	Methylpyruvate	carbon	C-Source, ester		3	0	0.1	1.72512694502	0.2	0.0	0.0	0.0	14.325	DuctApe
PM01	G11	D-Malic acid	carbon	C-Source, carboxylic acid	C00497	3	3	0.1	54.1022289078	41.1208820529	46.5694965824	6.67441243136	7.58613221615	2942.60256519	DuctApe
PM01	G12	L-Malic acid	carbon	C-Source, carboxylic acid	C00149	2	9	0.1	281.0	176.134895624	304.116422386	8.30241396592	7.42660141652	12576.2999849	DuctApe
PM01	G12	L-Malic acid	carbon	C-Source, carboxylic acid	C00149	3	9	0.34186112561	362.0	213.911261636	390.1149793	8.99504398442	6.79612421557	15266.4191973	DuctApe
PM01	H01	Gly-Pro	carbon	C-Source, amino acid		3	3	0.1	39.9445866299	24.6342972179	0.0	0.0	0.0	1758.94704751	DuctApe
PM01	H02	p-Hydroxyphenyl Acetic acid	carbon	C-Source, carboxylic acid	C00642	2	0	0.1	0.1	0.1	0.0	0.0	0.0	7.125	DuctApe
PM01	H02	p-Hydroxyphenyl Acetic acid	carbon	C-Source, carboxylic acid	C00642	3	0	0.0913829580652	7.26583183386	1.22491023915	1.07113162622	2.4170511109	3.51358114587	88.1217686093	DuctApe
PM01	H03	m-Hydroxyphenyl Acetic acid	carbon	C-Source, carboxylic acid	C05593	2	0	0.1	0.1	0.1	0.0	0.0	0.0	7.125	DuctApe
PM01	H03	m-Hydroxyphenyl Acetic acid	carbon	C-Source, carboxylic acid	C05593	3	0	0.1	13.3206250615	4.29479166667	0.0	0.0	0.0	306.5625	DuctApe
PM01	H04	Tyramine	carbon	C-Source, amine	C00483	2	0	0.1	0.1	0.1	0.0	0.0	0.0	7.125	DuctApe
PM01	H04	Tyramine	carbon	C-Source, amine	C00483	3	0	1.0	6.39125012305	3.68590571066	2.75383617576	1.25506617281	3.58160904437	264.196768553	DuctApe
PM01	H05	D-Psicose	carbon	C-Source, carbohydrate	C06468	2	9	0.1	372.950714111	195.998511062	415.33346506	8.77579281108	9.1452865189	13971.9987787	DuctApe
PM01	H05	D-Psicose	carbon	C-Source, carbohydrate	C06468	3	9	6.74625629549	353.96691268	180.264624247	0.0	0.0	0.0	12843.7855074	DuctApe
PM01	H06	L-Lyxose	carbon	C-Source, carbohydrate	C01508	3	7	141.11009327	170.15819238	153.924886605	0.0	0.0	0.0	10965.8662285	DuctApe
PM01	H07	Glucuronamide	carbon	C-Source, amide	D01791	3	3	15.169180305	28.990425509	20.9279375268	4.36517862459	28.5358441065	1.3410594911	1495.37566464	DuctApe
PM01	H08	Pyruvic acid	carbon	C-Source, carboxylic acid	C00022	2	0	0.1	0.1	0.1	0.0	0.0	0.0	7.125	DuctApe
PM01	H08	Pyruvic acid	carbon	C-Source, carboxylic acid	C00022	3	0	0.1	13.6732805257	2.44204798037	0.0	0.0	0.0	175.752454587	DuctApe
PM01	H09	L-Galactonic acid-g-Lactone	carbon	C-Source, carboxylic acid	C01115	2	0	0.1	0.1	0.1	0.0	0.0	0.0	7.125	DuctApe
PM01	H09	L-Galactonic acid-g-Lactone	carbon	C-Source, carboxylic acid	C01115	3	0	0.1	11.5004265563	3.43645833333	3.47682309531	3.16429271406	3.59270203656	247.35	DuctApe
PM01	H10	D-Galacturonic acid	carbon	C-Source, carboxylic acid	C00333	3	3	6.91389962078	26.4430496502	20.1158812975	12.1500103849	4.08977903599	2.27095109862	1438.93729845	DuctApe
PM01	H11	Phenylethylamine	carbon	C-Source, amine	C05332	2	0	0.1	0.1	0.1	0.0	0.0	0.0	7.125	DuctApe
PM01	H11	Phenylethylamine	carbon	C-Source, amine	C05332	3	0	2.10659275481	18.8565227147	12.1835383374	10.310516013	4.70893724366	0.327137037765	871.861345397	DuctApe
PM01	H12	2-Aminoethanol	carbon	C-Source, alcohol	C00189	2	3	3.88641643259	30.8786221101	13.7319322544	0.0	0.0	0.0	975.638995085	DuctApe
PM09	A01	1% NaCl	osmolytes & ph	osmotic sensitivity, NaCl	C13563	2	8	0.1	395.060257279	179.264080101	396.392335398	13.4471195562	23.880242884	12758.8286708	DuctApe
PM09	A01	1% NaCl	osmolytes & ph	osmotic sensitivity, NaCl	C13563	3	8	0.1	388.268232145	165.748732989	410.922620352	11.0503508011	22.0355738845	11788.2706882	DuctApe
PM09	A02	2% NaCl	osmolytes & ph	osmotic sensitivity, NaCl	C13563	2	3	0.1	10.0	9.64692951556	9.81437489677	3.73481970372	0.744891452224	690.79142512	DuctApe
PM09	A03	3% NaCl	osmolytes & ph	osmotic sensitivity, NaCl	C13563	2	4	0.1	37.0	34.6775543688	36.6778766408	6.41227472269	0.987334952697	2482.87141455	DuctApe
PM09	A04	4% NaCl	osmolytes & ph	osmotic sensitivity, NaCl	C13563	2	3	17.0	21.0	20.5833333333	3.97625437099	1.45049346588	5.65730501395	1467.75	DuctApe
PM09	A04	4% NaCl	osmolytes & ph	osmotic sensitivity, NaCl	C13563	3	4	0.1	35.0	32.9212899311	48.3455190683	5.67467390893	0.0	2357.17037504	DuctApe
PM09	A05	5% NaCl	osmolytes & ph	osmotic sensitivity, NaCl	C13563	2	3	0.1	11.0	10.4836508961	10.6972553198	3.05942147888	1.15903378496	750.660364521	DuctApe
PM09	A06	5.5% NaCl	osmolytes & ph	osmotic sensitivity, NaCl	C13563	2	3	14.0	14.0	14.0	0.0	0.0	0.0	997.5	DuctApe
PM09	A06	5.5% NaCl	osmolytes & ph	osmotic sensitivity, NaCl	C13563	3	3	0.1	15.0	14.2344882182	14.8788273435	3.42955268397	0.894120134506	1019.22065171	DuctApe
PM09	A07	6% NaCl	osmolytes & ph	osmotic sensitivity, NaCl	C13563	2	3	23.0	23.0	23.0	0.0	0.0	0.0	1638.75	DuctApe
PM09	A07	6% NaCl	osmolytes & ph	osmotic sensitivity, NaCl	C13563	3	3	0.90065146536	14.0	12.3857390942	0.0	0.0	0.0	886.185470486	DuctApe
PM09	A08	6.5% NaCl	osmolytes & ph	osmotic sensitivity, NaCl	C13563	3	3	5.3824193205	24.0	21.7092635041	0.0	0.0	0.0	1552.04856505	DuctApe
PM09	A09	7% NaCl	osmolytes & ph	osmotic sensitivity, NaCl	C13563	2	3	0.1	14.0	13.5253173499	14.0478177924	4.99984359975	0.469591674908	968.535349193	DuctApe
PM09	A09	7% NaCl	osmolytes & ph	osmotic sensitivity, NaCl	C13563	3	3	4.8528490503	22.0	21.1467878842	59.5871043828	6.18360502164	0.0	1512.49890927	DuctApe
PM09	A10	8% NaCl	osmolytes & ph	osmotic sensitivity, NaCl	C13563	2	3	11.0	24.0	23.7464506044	14.5751921576	8.24415524558	0.0	1696.61944352	DuctApe
PM09	A10	8% NaCl	osmolytes & ph	osmotic sensitivity, NaCl	C13563	3	3	17.0	17.0	17.0	0.0	0.0	0.0	1211.25	DuctApe
PM09	A11	9% NaCl	osmolytes & ph	osmotic sensitivity, NaCl	C13563	2	4	11.9115693499	39.0	37.6860285632	43.8664874227	6.47238241195	0.0	2694.30221805	DuctApe
PM09	A11	9% NaCl	osmolytes & ph	osmotic sensitivity, NaCl	C13563	3	4	16.2314711604	28.0	27.7251328063	13.6624918467	5.78541807481	0.0	1979.62276037	DuctApe
PM09	A12	10% NaCl	osmolytes & ph	osmotic sensitivity, NaCl	C13563	2	5	51.0	62.0	61.7854582038	12.3328446667	6.97582683586	0.0	4406.17799067	DuctApe
PM09	A12	10% NaCl	osmolytes & ph	osmotic sensitivity, NaCl	C13563	3	4	50.0	50.0	50.0	0.0	0.0	0.0	3562.5	DuctApe
PM09	B01	6% NaCl	osmolytes & ph	osmotic sensitivity, NaCl control		2	3	2.78681449038	27.0	23.4504409139	0.0	0.0	0.0	1677.26169037	DuctApe
PM09	B01	6% NaCl	osmolytes & ph	osmotic sensitivity, NaCl control		3	4	3.30100623596	40.0	34.0208807253	0.0	0.0	0.0	2433.26553488	DuctApe
PM09	B02	6% NaCl + Betaine	osmolytes & ph	osmolyte, betaine	C00719	2	3	5.71465244917	25.0	23.5372581428	0.0	0.0	0.0	1683.16459161	DuctApe
PM09	B02	6% NaCl + Betaine	osmolytes & ph	osmolyte, betaine	C00719	3	4	7.91389962078	44.0	37.9572369858	35.0170832101	2.57745818353	4.78242544293	2713.45335062	DuctApe
PM09	B03	6% NaCl + NN Dimethyl Glycine	osmolytes & ph	osmolyte, dimethylglycine	C01026	2	3	0.1	24.0	22.9399907901	24.5658937771	6.27124207469	0.430914108503	1642.64183689	DuctApe
PM09	B03	6% NaCl + NN Dimethyl Glycine	osmolytes & ph	osmolyte, dimethylglycine	C01026	3	3	0.1	22.0	20.5094979478	0.0	0.0	0.0	1468.39635224	DuctApe
PM09	B04	6% NaCl + Sarcosine	osmolytes & ph	osmolyte, sarcosine	C00213	2	4	19.190292823	29.0	28.6446064116	9.84502080265	3.00563067167	0.396107476328	2044.34030183	DuctApe
PM09	B04	6% NaCl + Sarcosine	osmolytes & ph	osmolyte, sarcosine	C00213	3	3	20.0	21.0	20.9375	0.985697407284	0.364044512912	2.69141984492	1492.125	DuctApe
PM09	B05	6% NaCl + Dimethyl Sulphonyl Propionate	osmolytes & ph	osmolyte, dimethyl sulphonyl propionate		3	3	0.1	10.0	9.70805650101	9.97544768257	4.36431832803	0.437973710392	695.192568073	DuctApe
PM09	B06	6% NaCl + MOPS	osmolytes & ph	osmolyte, MOPS		2	3	0.1	15.0	14.5067379657	34.2452654957	7.08404385372	0.0	1038.82263353	DuctApe
PM09	B06	6% NaCl + MOPS	osmolytes & ph	osmolyte, MOPS		3	3	0.1	25.0	22.8380782854	25.3537214405	2.33783200961	0.0	1634.92913655	DuctApe
PM09	B07	6% NaCl + Ectoine	osmolytes & ph	osmolyte, ectoine	C06231	2	3	0.1	12.0	11.525736847	12.1324632815	3.45163655506	0.449986835024	825.315552983	DuctApe
PM09	B07	6% NaCl + Ectoine	osmolytes & ph	osmolyte, ectoine	C06231	3	3	0.952197584937	19.0	16.179264593	0.0	0.0	0.0	1157.4249766	DuctApe
PM09	B08	6% NaCl + Choline	osmolytes & ph	osmolyte, choline	C00114	2	3	0.1	22.0	20.9037895721	23.6373963979	4.05735398152	0.0	1496.78534919	DuctApe
PM09	B09	6% NaCl + Phosphorylcholine	osmolytes & ph	osmolyte, phosphorylcholine	C00588	2	3	5.0	15.0	14.8049620034	11.2116800723	6.34165980209	0.0	1058.45726425	DuctApe
PM09	B09	6% NaCl + Phosphorylcholine	osmolytes & ph	osmolyte, phosphorylcholine	C00588	3	4	9.23147116038	43.0	38.0779699393	34.268437181	1.58535756288	0.0	2722.02703394	DuctApe
PM09	B10	6% NaCl + Creatine	osmolytes & ph	osmolyte, creatine	C00300	3	4	0.1	39.0	30.1997825229	0.0	0.0	0.0	2159.72184165	DuctApe
PM09	B11	6% NaCl + Creatinine	osmolytes & ph	osmolyte, creatinine	C00791	2	3	3.39482067884	29.0	23.4358952178	0.0	0.0	0.0	1675.23639793	DuctApe
PM09	B12	6% NaCl + L-Carnitine	osmolytes & ph	osmolyte, carnitine	C00318	2	4	7.59560483013	40.0	32.927257996	0.0	0.0	0.0	2352.9142239	DuctApe
PM09	B12	6% NaCl + L-Carnitine	osmolytes & ph	osmolyte, carnitine	C00318	3	4	17.0	39.0	35.5667082038	14.1476644683	0.632715590351	5.70616544427	2539.80299067	DuctApe
PM09	C01	6% NaCl + KCl	osmolytes & ph	osmolyte, KCl	C13567	2	3	0.1	21.0	19.2483819606	40.8019150543	5.89882463082	0.0	1377.97100117	DuctApe
PM09	C02	6% NaCl + L-Proline	osmolytes & ph	osmolyte, proline	C00148	2	0	0.0	9.0	8.21979166667	8.86874871991	2.83102230699	4.23213025067	588.45	DuctApe
PM09	C02	6% NaCl + L-Proline	osmolytes & ph	osmolyte, proline	C00148	3	0	1.87862211009	7.0	6.88807562757	6.04873501327	2.7698147629	0.0	492.611961894	DuctApe
PM09	C03	6% NaCl + N-Acetyl-L-Glutamine	osmolytes & ph	osmolyte, acetyl glutamine		2	3	11.6286221101	18.0	17.837156913	7.61077624242	2.78364958604	0.0	1273.16456444	DuctApe
PM09	C03	6% NaCl + N-Acetyl-L-Glutamine	osmolytes & ph	osmolyte, acetyl glutamine		3	3	15.0	15.0	15.0	0.0	0.0	0.0	1068.75	DuctApe
PM09	C04	6% NaCl + b-Glutamic acid	osmolytes & ph	osmolyte, b-glutamate		2	4	14.8890701512	36.0	35.4080391268	22.7095352539	8.23495843002	0.0	2530.29541583	DuctApe
PM09	C04	6% NaCl + b-Glutamic acid	osmolytes & ph	osmolyte, b-glutamate		3	4	10.8565927548	38.0	34.5592978379	72.1330687902	2.81011663529	0.0	2469.94822205	DuctApe
PM09	C05	6% NaCl + g-Amino-N-Butyric acid	osmolytes & ph	osmolyte, g-amino butyric acid		2	3	20.0	20.0	20.0	0.0	0.0	0.0	1425.0	DuctApe
PM09	C05	6% NaCl + g-Amino-N-Butyric acid	osmolytes & ph	osmolyte, g-amino butyric acid		3	3	4.80879033975	20.0	19.4870132945	20.0386824117	4.72326994302	0.0	1393.76166083	DuctApe
PM09	C06	6% NaCl + Glutathione	osmolytes & ph	osmolyte, glutathione	C00051	2	4	0.1	28.0	25.5469165371	26.0954004864	2.22323550121	0.0	1828.84049067	DuctApe
PM09	C06	6% NaCl + Glutathione	osmolytes & ph	osmolyte, glutathione	C00051	3	3	0.1	10.0	9.45121846356	9.25907298129	2.18817510343	1.58749559757	676.700229376	DuctApe
PM09	C07	6% NaCl + Glycerol	osmolytes & ph	osmolyte, glycerol	C00116	2	3	0.989012075313	12.0	11.7621888157	12.3866693617	6.0391806248	0.0	842.006715202	DuctApe
PM09	C07	6% NaCl + Glycerol	osmolytes & ph	osmolyte, glycerol	C00116	3	3	3.39311055043	20.0	19.6159123348	19.6908608544	8.29323729386	0.0	1403.57327165	DuctApe
PM09	C08	6% NaCl + Trehalose	osmolytes & ph	osmolyte, trehalose	C01083	2	3	0.1	21.0	19.5673982343	54.7721760959	4.59400038916	0.0	1400.94017287	DuctApe
PM09	C08	6% NaCl + Trehalose	osmolytes & ph	osmolyte, trehalose	C01083	3	3	0.1	27.0	20.5114377734	0.0	0.0	0.0	1466.66101968	DuctApe
PM09	C09	6% NaCl + Trimethylamine-N-Oxide	osmolytes & ph	osmolyte, trimethylamine-N-oxide	C01104	2	4	3.57848942416	34.0	31.35602827	38.7164393574	3.73173749734	0.0	2243.54210191	DuctApe
PM09	C09	6% NaCl + Trimethylamine-N-Oxide	osmolytes & ph	osmolyte, trimethylamine-N-oxide	C01104	3	3	0.1	14.0	13.2499317357	33.7857895916	3.64191087375	0.0	948.707584972	DuctApe
PM09	C10	6% NaCl + Trimethylamine	osmolytes & ph	osmolyte, trimethylamine	C00565	2	3	11.0	11.0	11.0	0.0	0.0	0.0	783.75	DuctApe
PM09	C11	6% NaCl + Octopine	osmolytes & ph	osmolyte, octopine	C04137	2	3	19.0	19.0	19.0	0.0	0.0	0.0	1353.75	DuctApe
PM09	C11	6% NaCl + Octopine	osmolytes & ph	osmolyte, octopine	C04137	3	3	0.1	10.0	9.68039255764	9.99301764205	3.8575578175	0.461543389998	693.20076415	DuctApe
PM09	C12	6% NaCl + Trigonelline	osmolytes & ph	osmolyte, trigonelline	C01004	2	5	20.990425509	57.0	49.5444456025	0.0	0.0	0.0	3537.95367381	DuctApe
PM09	D01	3% Potassium Chloride	osmolytes & ph	osmotic sensitivity, KCl	C13567	2	3	0.1	21.0	20.4154011652	21.2293801501	9.39351954856	0.32549362445	1461.9963839	DuctApe
PM09	D01	3% Potassium Chloride	osmolytes & ph	osmotic sensitivity, KCl	C13567	3	4	0.095674870256	45.0	31.1779255314	43.5549282582	2.54989790602	0.0	2227.89813826	DuctApe
PM09	D02	4% Potassium chloride	osmolytes & ph	osmotic sensitivity, KCl	C13567	3	3	0.1	17.0	15.8335771257	16.6005683437	3.93018567823	2.30626451134	1133.60505305	DuctApe
PM09	D03	5% Potassium Chloride	osmolytes & ph	osmotic sensitivity, KCl	C13567	2	3	0.1	18.0	13.8894752179	0.0	0.0	0.0	993.25471569	DuctApe
PM09	D03	5% Potassium Chloride	osmolytes & ph	osmotic sensitivity, KCl	C13567	3	3	0.1	17.0	16.0774418031	16.7259992341	3.67117099347	1.06404817448	1151.16330983	DuctApe
PM09	D04	6% Potassium chloride	osmolytes & ph	osmotic sensitivity, KCl	C13567	2	4	1.78815788389	29.0	28.0030701132	31.2092718634	7.35276540565	0.0	2004.67548894	DuctApe
PM09	D04	6% Potassium chloride	osmolytes & ph	osmotic sensitivity, KCl	C13567	3	3	0.1	22.0	20.9577828588	21.4983762674	5.40919743218	0.893835324409	1500.67286583	DuctApe
PM09	D05	2% Sodium Sulfate	osmolytes & ph	osmotic sensitivity, Na2SO4	C13199	3	3	0.1	12.0	11.7669960708	13.2505188626	7.52002643163	0.0	842.686217095	DuctApe
PM09	D06	3% Sodium Sulfate	osmolytes & ph	osmotic sensitivity, Na2SO4	C13199	2	3	0.1	13.0	12.5334762473	12.8122565639	4.5181178142	0.659343109423	897.497789808	DuctApe
PM09	D07	4% Sodium Sulfate	osmolytes & ph	osmotic sensitivity, Na2SO4	C13199	2	0	0.1	9.0	8.29935600171	0.0	0.0	0.0	594.141132123	DuctApe
PM09	D07	4% Sodium Sulfate	osmolytes & ph	osmotic sensitivity, Na2SO4	C13199	3	0	0.1	8.0	7.8127692059	8.14887043531	4.18000520082	0.169926673997	559.481882825	DuctApe
PM09	D08	5% Sodium Sulfate	osmolytes & ph	osmotic sensitivity, Na2SO4	C13199	2	3	0.0491458085803	19.0	18.2900304214	19.0818361933	5.42422130496	0.345086772597	1309.73876066	DuctApe
PM09	D09	5% Ethylene Glycol	osmolytes & ph	osmotic sensitivity, ethylene glycol	C01380	2	9	0.0	434.336030339	202.204097772	438.881935398	17.4881808865	23.936804012	14395.8190282	DuctApe
PM09	D09	5% Ethylene Glycol	osmolytes & ph	osmotic sensitivity, ethylene glycol	C01380	3	9	0.0	442.740425509	205.110526681	446.752306623	18.4973044555	24.6245721366	14601.9302615	DuctApe
PM09	D10	10% Ethylene Glycol	osmolytes & ph	osmotic sensitivity, ethylene glycol	C01380	2	9	0.0	445.373961568	189.299682437	464.561228802	14.9518406065	24.5065424317	13462.5618999	DuctApe
PM09	D10	10% Ethylene Glycol	osmolytes & ph	osmotic sensitivity, ethylene glycol	C01380	3	9	0.0	449.699867314	205.983197443	452.573746274	19.7749184638	25.8031749393	14662.1527657	DuctApe
PM09	D11	15% Ethylene Glycol	osmolytes & ph	osmotic sensitivity, ethylene glycol	C01380	2	8	0.0	428.866717348	176.917014505	446.884118599	12.9739611179	23.3084536054	12577.2000254	DuctApe
PM09	D11	15% Ethylene Glycol	osmolytes & ph	osmotic sensitivity, ethylene glycol	C01380	3	8	0.0	402.614387077	158.69063748	418.220935017	12.5525713801	25.2291406714	11274.7455034	DuctApe
PM09	D12	20% Ethylene Glycol	osmolytes & ph	osmotic sensitivity, ethylene glycol	C01380	2	8	0.0	409.871011155	159.517656582	456.568062233	10.1669295387	21.5409458472	11331.5696447	DuctApe
PM09	D12	20% Ethylene Glycol	osmolytes & ph	osmotic sensitivity, ethylene glycol	C01380	3	8	0.0	398.233434696	152.645267315	428.714131184	10.8890443046	23.9334334886	10841.1217087	DuctApe
PM09	E01	1% Sodium Formate	osmolytes & ph	osmotic sensitivity, sodium formate		3	4	0.1	27.0	26.0949531968	41.5319661629	9.50777440896	0.0	1868.67413017	DuctApe
PM09	E02	2% Sodium Formate	osmolytes & ph	osmotic sensitivity, sodium formate		2	0	0.1	8.0	7.8385628567	8.64012941923	4.74058232245	0.0	561.339025682	DuctApe
PM09	E02	2% Sodium Formate	osmolytes & ph	osmotic sensitivity, sodium formate		3	0	0.1	7.0	6.4959431347	10.6883762546	0.739639437525	0.0	465.045405698	DuctApe
PM09	E03	3% Sodium Formate	osmolytes & ph	osmotic sensitivity, sodium formate		2	3	5.78681449038	23.0	21.5922856462	0.0	0.0	0.0	1543.84951109	DuctApe
PM09	E03	3% Sodium Formate	osmolytes & ph	osmotic sensitivity, sodium formate		3	3	5.0	18.0	17.4363900691	17.9778677096	2.9003567059	0.0	1246.79508497	DuctApe
PM09	E04	4% Sodium Formate	osmolytes & ph	osmotic sensitivity, sodium formate		2	5	27.3373737326	58.0	56.4769634788	29.3158734302	7.43651431154	1.17421123869	4034.33985532	DuctApe
PM09	E04	4% Sodium Formate	osmolytes & ph	osmotic sensitivity, sodium formate		3	4	7.70471122325	31.0	30.0118275228	23.8905731686	5.68497700129	0.23361152054	2146.33731493	DuctApe
PM09	E05	5% Sodium Formate	osmolytes & ph	osmotic sensitivity, sodium formate		2	4	13.543465321	35.0	34.4370595172	24.0742016309	8.99579558443	0.0	2461.26448574	DuctApe
PM09	E05	5% Sodium Formate	osmolytes & ph	osmotic sensitivity, sodium formate		3	4	0.1	36.0	31.4548770218	0.0	0.0	0.0	2251.21364557	DuctApe
PM09	E06	6% Sodium Formate	osmolytes & ph	osmotic sensitivity, sodium formate		2	3	7.78681449038	24.0	23.6561151799	18.2904208176	9.11836096319	0.0	1691.32023752	DuctApe
PM09	E06	6% Sodium Formate	osmolytes & ph	osmotic sensitivity, sodium formate		3	3	3.18366874532	25.0	23.5681853959	0.0	0.0	0.0	1686.34047272	DuctApe
PM09	E07	2% Urea	osmolytes & ph	osmotic sensitivity, urea	C00086	2	8	0.0	412.121927992	149.092104612	453.138043113	13.5950039244	29.5958167788	10580.0858091	DuctApe
PM09	E07	2% Urea	osmolytes & ph	osmotic sensitivity, urea	C00086	3	8	0.0	426.159309119	157.731088234	454.949354744	15.542455842	30.4088198245	11196.828612	DuctApe
PM09	E08	3% Urea	osmolytes & ph	osmotic sensitivity, urea	C00086	2	0	0.0	0.0	0.0	0.0	0.0	0.0	0.0	DuctApe
PM09	E08	3% Urea	osmolytes & ph	osmotic sensitivity, urea	C00086	3	0	0.0	8.79780241506	1.01657721236	0.0	0.0	0.0	69.8943833841	DuctApe
PM09	E09	4% Urea	osmolytes & ph	osmotic sensitivity, urea	C00086	2	0	0.0	0.0	0.0	0.0	0.0	0.0	0.0	DuctApe
PM09	E09	4% Urea	osmolytes & ph	osmotic sensitivity, urea	C00086	3	0	0.0	0.0	0.0	0.0	0.0	0.0	0.0	DuctApe
PM09	E10	5% Urea	osmolytes & ph	osmotic sensitivity, urea	C00086	2	0	0.0	0.0	0.0	0.0	0.0	0.0	0.0	DuctApe
PM09	E10	5% Urea	osmolytes & ph	osmotic sensitivity, urea	C00086	3	0	0.0	0.0	0.0	0.0	0.0	0.0	0.0	DuctApe
PM09	E11	6% Urea	osmolytes & ph	osmotic sensitivity, urea	C00086	2	0	0.0	0.0	0.0	0.0	0.0	0.0	0.0	DuctApe
PM09	E11	6% Urea	osmolytes & ph	osmotic sensitivity, urea	C00086	3	0	0.0	0.0	0.0	0.0	0.0	0.0	0.0	DuctApe
PM09	E12	7% Urea	osmolytes & ph	osmotic sensitivity, urea	C00086	2	0	0.1	11.0	8.08606235091	29.0003332351	3.83308926339	0.0	578.033989266	DuctApe
PM09	E12	7% Urea	osmolytes & ph	osmotic sensitivity, urea	C00086	3	1	0.0	9.0	5.31354166667	7.07760857145	1.78778145307	26.4671587847	379.2	DuctApe
PM09	F01	1% Sodium Lactate	osmolytes & ph	osmotic sensitivity, sodium lactate	C13960	2	0	0.0	9.98085101792	3.29270833333	0.0	0.0	0.0	233.332180868	DuctApe
PM09	F01	1% Sodium Lactate	osmolytes & ph	osmotic sensitivity, sodium lactate	C13960	3	1	0.0	6.0	2.51145833333	7.0380471228	0.157745468226	21.6342200988	178.575	DuctApe
PM09	F02	2% Sodium Lactate	osmolytes & ph	osmotic sensitivity, sodium lactate	C13960	3	2	0.0	1.0	0.084375	1.02248789443	0.347036539959	64.0934194311	5.7	DuctApe
PM09	F03	3% Sodium Lactate	osmolytes & ph	osmotic sensitivity, sodium lactate	C13960	2	2	0.1	4.0	2.31620073402	2.06274238718	0.704738676438	57.2636338011	165.228952849	DuctApe
PM09	F04	4% Sodium Lactate	osmolytes & ph	osmotic sensitivity, sodium lactate	C13960	2	3	3.0	11.0	10.8439696027	8.96935262612	5.07332518614	0.0	775.515811396	DuctApe
PM09	F04	4% Sodium Lactate	osmolytes & ph	osmotic sensitivity, sodium lactate	C13960	3	3	0.1	14.0	13.3644574223	17.6976330192	3.02665110142	0.0	956.953434403	DuctApe
PM09	F05	5% Sodium Lactate	osmolytes & ph	osmotic sensitivity, sodium lactate	C13960	2	0	0.0	0.0	0.0	0.0	0.0	0.0	0.0	DuctApe
PM09	F05	5% Sodium Lactate	osmolytes & ph	osmotic sensitivity, sodium lactate	C13960	3	0	0.0	0.0	0.0	0.0	0.0	0.0	0.0	DuctApe
PM09	F06	6% Sodium Lactate	osmolytes & ph	osmotic sensitivity, sodium lactate	C13960	3	3	0.1	20.0	18.7615755621	123.921743302	12.1985693345	0.0	1343.29594047	DuctApe
PM09	F07	7% Sodium Lactate	osmolytes & ph	osmotic sensitivity, sodium lactate	C13960	2	0	0.0	0.0	0.0	0.0	0.0	0.0	0.0	DuctApe
PM09	F07	7% Sodium Lactate	osmolytes & ph	osmotic sensitivity, sodium lactate	C13960	3	0	0.1	9.0	8.6242464496	8.72247509752	3.31160470253	1.26351016583	617.533244371	DuctApe
PM09	F08	8% Sodium Lactate	osmolytes & ph	osmotic sensitivity, sodium lactate	C13960	2	0	0.1	7.0	6.81913198445	7.01129899832	3.38335113184	0.303220351408	488.31500288	DuctApe
PM09	F08	8% Sodium Lactate	osmolytes & ph	osmotic sensitivity, sodium lactate	C13960	3	0	0.0	0.0	0.0	0.0	0.0	0.0	0.0	DuctApe
PM09	F09	9% Sodium Lactate	osmolytes & ph	osmotic sensitivity, sodium lactate	C13960	2	3	0.1	18.0	15.2271371963	0.0	0.0	0.0	1089.56637814	DuctApe
PM09	F10	10% Sodium Lactate	osmolytes & ph	osmotic sensitivity, sodium lactate	C13960	2	0	0.0669513971399	3.0	2.85500886477	2.87976821764	1.06170804811	1.74328500586	204.398138263	DuctApe
PM09	F10	10% Sodium Lactate	osmolytes & ph	osmotic sensitivity, sodium lactate	C13960	3	0	0.0	0.0	0.0	0.0	0.0	0.0	0.0	DuctApe
PM09	F11	11% Sodium Lactate	osmolytes & ph	osmotic sensitivity, sodium lactate	C13960	2	4	0.1	35.0	33.627839295	37.6295100377	9.32538881114	0.0	2408.04192924	DuctApe
PM09	F12	12% Sodium Lactate	osmolytes & ph	osmotic sensitivity, sodium lactate	C13960	2	4	0.1	30.0	29.2760287384	32.6370182415	14.3274878078	0.0	2096.58656917	DuctApe
PM09	F12	12% Sodium Lactate	osmolytes & ph	osmotic sensitivity, sodium lactate	C13960	3	4	0.1	32.0	30.7983005863	34.4337362837	8.7472482964	0.0	2205.44014221	DuctApe
PM09	G01	20mM Sodium Phosphate pH 7	osmolytes & ph	osmotic sensitivity, sodium phosphate		2	1	0.1	16.0	8.17830390862	17.8984580915	0.356687982971	19.6228925821	582.800381421	DuctApe
PM09	G01	20mM Sodium Phosphate pH 7	osmolytes & ph	osmotic sensitivity, sodium phosphate		3	1	0.0	12.7978024151	6.06866054569	14.294105747	0.257301856001	14.5364525221	432.144383384	DuctApe
PM09	G02	50mM Sodium Phosphate pH 7	osmolytes & ph	osmotic sensitivity, sodium phosphate		2	3	0.1	24.0	23.5329504749	26.7030588992	15.129255588	0.0	1685.33493419	DuctApe
PM09	G02	50mM Sodium Phosphate pH 7	osmolytes & ph	osmotic sensitivity, sodium phosphate		3	3	0.1	20.0	19.6109656735	22.2186672368	12.5927508452	0.0	1404.45202849	DuctApe
PM09	G03	100mM Sodium Phosphate pH 7	osmolytes & ph	osmotic sensitivity, sodium phosphate		2	4	2.98901207531	35.0	34.3526090229	36.1242765869	19.2603389159	0.0	2459.14197012	DuctApe
PM09	G03	100mM Sodium Phosphate pH 7	osmolytes & ph	osmotic sensitivity, sodium phosphate		3	4	0.1	37.0	36.1301108043	39.0032043951	18.8227154235	0.0487222181335	2587.45547791	DuctApe
PM09	G04	200mM Sodium Phosphate pH 7	osmolytes & ph	osmotic sensitivity, sodium phosphate		2	4	25.0	36.0	35.7854582038	12.3328549486	6.97582365509	0.0	2553.67799067	DuctApe
PM09	G04	200mM Sodium Phosphate pH 7	osmolytes & ph	osmotic sensitivity, sodium phosphate		3	4	12.0	32.0	31.6099240068	22.4233623091	12.6833189344	0.0	2259.41452849	DuctApe
PM09	G05	20mM Sodium Benzoate pH 5.2	osmolytes & ph	toxicity, benzoate	D02277	2	0	0.0	0.0	0.0	0.0	0.0	0.0	0.0	DuctApe
PM09	G05	20mM Sodium Benzoate pH 5.2	osmolytes & ph	toxicity, benzoate	D02277	3	0	0.0	0.0	0.0	0.0	0.0	0.0	0.0	DuctApe
PM09	G06	50mM Sodium Benzoate pH 5.2	osmolytes & ph	toxicity, benzoate	D02277	3	3	0.1	22.0	21.2863792975	22.2293780426	8.04044184847	0.375556781589	1524.33180942	DuctApe
PM09	G07	100mM Sodium Benzoate pH 5.2	osmolytes & ph	toxicity, benzoate	D02277	2	0	0.0	0.0	0.0	0.0	0.0	0.0	0.0	DuctApe
PM09	G07	100mM Sodium Benzoate pH 5.2	osmolytes & ph	toxicity, benzoate	D02277	3	0	0.1	3.0	2.87544326098	2.86727672172	1.10826845195	1.31373862344	205.86941479	DuctApe
PM09	G08	200mM Sodium Benzoate pH 5.2	osmolytes & ph	toxicity, benzoate	D02277	2	3	0.1	15.0	14.6891394337	16.2060109743	8.71676844916	0.0	1051.95553923	DuctApe
PM09	G09	10mM Ammonium Sulfate pH 8	osmolytes & ph	toxicity, ammonia		2	6	0.0	250.473860205	82.2753656341	250.473860205	44.1650997259	63.75	5829.89862808	DuctApe
PM09	G09	10mM Ammonium Sulfate pH 8	osmolytes & ph	toxicity, ammonia		3	6	0.0	301.221826629	98.4636211422	301.221826629	162.237670607	47.25	6976.42253725	DuctApe
PM09	G10	20mM Ammonium Sulfate pH 8	osmolytes & ph	toxicity, ammonia		2	5	0.1	134.407275543	43.3028987904	0.0	0.0	0.0	3067.36848458	DuctApe
PM09	G10	20mM Ammonium Sulfate pH 8	osmolytes & ph	toxicity, ammonia		3	5	0.1	151.562220815	46.6839650057	0.0	0.0	0.0	3304.37214761	DuctApe
PM09	G11	50mM Ammonium Sulfate pH 8	osmolytes & ph	toxicity, ammonia		2	3	0.1	19.0	18.504825094	20.550757524	8.05933119819	0.0	1325.18490677	DuctApe
PM09	G11	50mM Ammonium Sulfate pH 8	osmolytes & ph	toxicity, ammonia		3	3	0.1	15.0	14.6190353295	18.8326232386	6.63128289387	0.0	1046.90804372	DuctApe
PM09	G12	100mM Ammonium Sulfate pH 8	osmolytes & ph	toxicity, ammonia		2	4	10.9890120753	32.0	31.5671508191	23.7371813537	12.3124092322	0.0	2256.71397945	DuctApe
PM09	G12	100mM Ammonium Sulfate pH 8	osmolytes & ph	toxicity, ammonia		3	4	13.9808510179	29.0	28.6420844692	23.3118861621	8.28670791543	0.0	2046.11226265	DuctApe
PM09	H01	10mM Sodium Nitrate	osmolytes & ph	toxicity, nitrate	C00244	2	9	0.1	459.769078942	237.555454237	458.155355905	20.9896125282	22.3805608205	16931.5418005	DuctApe
PM09	H01	10mM Sodium Nitrate	osmolytes & ph	toxicity, nitrate	C00244	3	9	0.1	440.547802415	223.571189252	439.212779605	18.2891670877	21.6372940374	15931.8827002	DuctApe
PM09	H02	20mM Sodium Nitrate	osmolytes & ph	toxicity, nitrate	C00244	2	9	0.1	441.455077958	217.585810515	441.373843095	16.9704856091	22.3897181316	15500.5952028	DuctApe
PM09	H02	20mM Sodium Nitrate	osmolytes & ph	toxicity, nitrate	C00244	3	9	0.1	443.376291839	218.547092264	446.145279273	16.938325331	21.6958975778	15569.0870336	DuctApe
PM09	H03	40mM Sodium Nitrate	osmolytes & ph	toxicity, nitrate	C00244	2	9	0.1	445.632915917	206.288358915	461.105359346	13.8225220202	21.9600112537	14685.6119984	DuctApe
PM09	H03	40mM Sodium Nitrate	osmolytes & ph	toxicity, nitrate	C00244	3	9	0.1	448.80879034	214.284976148	452.696486844	15.0126526399	21.8023455282	15260.1774862	DuctApe
PM09	H04	60mM Sodium Nitrate	osmolytes & ph	toxicity, nitrate	C00244	2	9	1.0	438.699867314	207.672534447	444.917182333	14.6638689404	22.2082803235	14787.5350299	DuctApe
PM09	H04	60mM Sodium Nitrate	osmolytes & ph	toxicity, nitrate	C00244	3	9	2.79780241506	428.94120966	205.257042162	430.515168432	14.1829200188	21.4816028668	14616.6049062	DuctApe
PM09	H05	80mM Sodium Nitrate	osmolytes & ph	toxicity, nitrate	C00244	2	8	0.1	343.156978848	141.822488437	392.056889446	8.30988216534	20.2639736649	10082.4978004	DuctApe
PM09	H05	80mM Sodium Nitrate	osmolytes & ph	toxicity, nitrate	C00244	3	9	0.1	425.271732661	197.372402817	414.169768428	13.6539974404	23.6858522618	14051.2986031	DuctApe
PM09	H06	100mM Sodium Nitrate	osmolytes & ph	toxicity, nitrate	C00244	2	8	11.3714313958	383.377635233	161.358972653	399.510294782	10.0505976177	25.2384673842	11469.815131	DuctApe
PM09	H06	100mM Sodium Nitrate	osmolytes & ph	toxicity, nitrate	C00244	3	8	0.1	318.811374018	129.110134877	0.0	0.0	0.0	9176.33794589	DuctApe
PM09	H07	10mM Sodium Nitrite	osmolytes & ph	toxicity, nitrite	C00088	2	9	0.1	422.657275543	186.031247023	421.126850217	17.7212423795	28.150301882	13235.7158073	DuctApe
PM09	H07	10mM Sodium Nitrite	osmolytes & ph	toxicity, nitrite	C00088	3	9	0.1	421.295472144	189.534191193	413.658885276	17.2990565474	27.2953231287	13488.4384638	DuctApe
PM09	H08	20mM Sodium Nitrite	osmolytes & ph	toxicity, nitrite	C00088	2	6	0.1	275.15512864	56.3923055033	275.15512864	189.364217664	54.0	3957.025323	DuctApe
PM09	H08	20mM Sodium Nitrite	osmolytes & ph	toxicity, nitrite	C00088	3	6	0.1	327.745269418	76.829482888	327.745269418	212.270740488	53.25	5408.7807919	DuctApe
PM09	H09	40mM Sodium Nitrite	osmolytes & ph	toxicity, nitrite	C00088	2	3	6.99042550896	21.0	16.9453774678	0.0	0.0	0.0	1209.57076811	DuctApe
PM09	H09	40mM Sodium Nitrite	osmolytes & ph	toxicity, nitrite	C00088	3	3	0.1	36.0220293553	14.0203218306	0.0	0.0	0.0	995.917410792	DuctApe
PM09	H10	60mM Sodium Nitrite	osmolytes & ph	toxicity, nitrite	C00088	2	3	4.0	24.0	16.7683938687	0.0	0.0	0.0	1196.82435855	DuctApe
PM09	H10	60mM Sodium Nitrite	osmolytes & ph	toxicity, nitrite	C00088	3	3	0.1	18.0	17.286658432	20.7959319715	4.31906232843	0.0	1237.8519071	DuctApe
PM09	H11	80mM Sodium Nitrite	osmolytes & ph	toxicity, nitrite	C00088	2	3	8.0	31.0	24.9886930051	0.0	0.0	0.0	1784.56089637	DuctApe
PM09	H12	100mM Sodium Nitrite	osmolytes & ph	toxicity, nitrite	C00088	2	4	17.538227924	37.0	33.5734041156	0.0	0.0	0.0	2396.83326085	DuctApe
PM09	H12	100mM Sodium Nitrite	osmolytes & ph	toxicity, nitrite	C00088	3	4	24.9780241506	41.0	40.6414004294	17.8539698616	8.37614613841	0.0	2901.43907186	DuctApe
